Name,Symbol,Date,Open,High,Low,Close,Volume,Adj Close
NYSE,Cli,2017-02-10,811.700012,815.25,809.780029,813.669983,1129100,813.669983
NYSE,Cli,2017-02-09,809.51001,810.659973,804.539978,809.559998,989700,809.559998
NYSE,Cli,2017-02-08,807,811.840027,803.190002,808.380005,1155300,808.380005
NYSE,Cli,2017-02-07,803.98999,810.5,801.780029,806.969971,1235200,806.969971
NYSE,Cyt,2017-02-06,799.700012,801.669983,795.25,801.340027,1174200,801.340027
NYSE,Cyt,2017-02-03,802.98999,806,800.369995,801.48999,1460400,801.48999
DEXO,Cyt,2017-02-02,793.799988,802.700012,792,798.530029,1525800,798.530029
DEXO,Cyt,2017-02-01,799.679993,801.190002,791.190002,795.695007,2023300,795.695007
DEXO,cmp,2017-01-31,796.859985,801.25,790.52002,796.789978,2143500,796.789978
DOLE,cmp,2017-01-30,814.659973,815.840027,799.799988,802.320007,3246600,802.320007
DOLE,cmp,2017-01-27,834.710022,841.950012,820.440002,823.309998,2965800,823.309998
DOLE,cmp,2017-01-26,837.809998,838,827.01001,832.150024,2973900,832.150024
DOLE,cjt,2017-01-25,829.619995,835.77002,825.059998,835.669983,1494500,835.669983
NYSE,cmp,2017-01-24,822.299988,825.900024,817.820984,823.869995,1474000,823.869995
NYSE,cmp,2017-01-23,807.25,820.869995,803.73999,819.309998,1963600,819.309998
NYSE,cmp,2017-01-20,806.909973,806.909973,801.690002,805.02002,1670000,805.02002
NYSE,Cli,2017-01-19,805.119995,809.47998,801.799988,802.174988,919300,802.174988
CATO,Cli,2017-01-18,805.809998,806.205017,800.98999,806.070007,1294400,806.070007
CATO,Cyt,2017-01-17,807.080017,807.140015,800.369995,804.609985,1362100,804.609985
CATO,Cyt,2017-01-13,807.47998,811.223999,806.690002,807.880005,1099200,807.880005
CATO,Cyt,2017-01-12,807.140015,807.390015,799.169983,806.359985,1353100,806.359985
CATO,Cyt,2017-01-11,805,808.150024,801.369995,807.909973,1065900,807.909973
CATO,Cli,2017-01-10,807.859985,809.130005,803.51001,804.789978,1176800,804.789978
CATO,Cli,2017-01-09,806.400024,809.966003,802.830017,806.650024,1272400,806.650024
DOLE,Cli,2017-01-06,795.26001,807.900024,792.203979,806.150024,1640200,806.150024
DOLE,cmp,2017-01-05,786.080017,794.47998,785.02002,794.02002,1335200,794.02002
DOLE,cmp,2017-01-04,788.359985,791.340027,783.159973,786.900024,1073000,786.900024
DOLE,cmp,2017-01-03,778.809998,789.630005,775.799988,786.140015,1657300,786.140015
DOLE,cmp,2016-12-30,782.75,782.780029,770.409973,771.820007,1770000,771.820007
DOLE,cmp,2016-12-29,783.330017,785.929993,778.919983,782.789978,744300,782.789978
CATO,cmp,2016-12-28,793.700012,794.22998,783.200012,785.049988,1153800,785.049988
CATO,cmp,2016-12-27,790.679993,797.859985,787.656982,791.549988,789100,791.549988
CATO,cmp,2016-12-23,790.900024,792.73999,787.280029,789.909973,623400,789.909973
NYSE,cmp,2016-12-22,792.359985,793.320007,788.580017,791.26001,972200,791.26001
NYSE,cmp,2016-12-21,795.840027,796.676025,787.099976,794.559998,1211300,794.559998
NYSE,cmp,2016-12-20,796.76001,798.650024,793.27002,796.419983,951000,796.419983
NYSE,cmp,2016-12-19,790.219971,797.659973,786.27002,794.200012,1232100,794.200012
NYSE,Cli,2016-12-16,800.400024,800.856018,790.289978,790.799988,2443800,790.799988
NYSE,Cli,2016-12-15,797.340027,803,792.919983,797.849976,1626500,797.849976
CATO,Cli,2016-12-14,797.400024,804,794.01001,797.070007,1704200,797.070007
CATO,Cli,2016-12-13,793.900024,804.380005,793.340027,796.099976,2145200,796.099976
CATO,Cli,2016-12-12,785.039978,791.25,784.35498,789.27002,2104100,789.27002
CATO,Cli,2016-12-09,780,789.429993,779.020996,789.289978,1821900,789.289978
CATO,Cli,2016-12-08,772.47998,778.179993,767.22998,776.419983,1488100,776.419983
CATO,Cli,2016-12-07,761,771.359985,755.799988,771.190002,1761000,771.190002
CATO,Cyt,2016-12-06,764.72998,768.830017,757.340027,759.109985,1690700,759.109985
CATO,Cyt,2016-12-05,757.710022,763.900024,752.900024,762.52002,1394200,762.52002
CATO,Cyt,2016-12-02,744.590027,754,743.099976,750.5,1452500,750.5
CATO,Cyt,2016-12-01,757.440002,759.849976,737.025024,747.919983,3017900,747.919983
CATO,Cyt,2016-11-30,770.070007,772.98999,754.830017,758.039978,2392900,758.039978
CATO,Cyt,2016-11-29,771.530029,778.5,768.23999,770.840027,1616600,770.840027
CATO,Cyt,2016-11-28,760,779.530029,759.799988,768.23999,2188200,768.23999
CATO,Cli,2016-11-25,764.26001,765,760.52002,761.679993,587400,761.679993
CATO,Cli,2016-11-23,767.72998,768.28302,755.25,760.98999,1478400,760.98999
CATO,Cmp,2016-11-22,772.630005,776.960022,767,768.27002,1593100,768.27002
CATO,Cmp,2016-11-21,762.609985,769.700012,760.599976,769.200012,1330600,769.200012
DEXO,Cmp,2016-11-18,771.369995,775,760,760.539978,1547100,760.539978
DEXO,Cmp,2016-11-17,766.919983,772.700012,764.22998,771.22998,1304000,771.22998
DEXO,Cmp,2016-11-16,755.200012,766.359985,750.51001,764.47998,1472600,764.47998
DEXO,Cmp,2016-11-15,746.969971,764.416016,746.969971,758.48999,2384000,758.48999
DEXO,Cmp,2016-11-14,755.599976,757.849976,727.539978,736.080017,3654400,736.080017
DEXO,Cmp,2016-11-11,756.539978,760.780029,750.380005,754.02002,2431800,754.02002
DEXO,Cmp,2016-11-10,791.169983,791.169983,752.179993,762.559998,4745200,762.559998
DEXO,Cmp,2016-11-09,779.940002,791.22699,771.669983,785.309998,2607100,785.309998
DEXO,Cmp,2016-11-08,783.400024,795.632996,780.190002,790.51001,1366900,790.51001
DEXO,cjt,2016-11-07,774.5,785.190002,772.549988,782.52002,1585100,782.52002
DEXO,cjt,2016-11-04,750.659973,770.359985,750.560974,762.02002,2134800,762.02002
NYSE,cjt,2016-11-03,767.25,769.950012,759.030029,762.130005,1943200,762.130005
NYSE,cjt,2016-11-02,778.200012,781.650024,763.450012,768.700012,1872400,768.700012
NYSE,cjt,2016-11-01,782.890015,789.48999,775.539978,783.609985,2406400,783.609985
NYSE,cjt,2016-10-31,795.469971,796.859985,784,784.539978,2427300,784.539978
NYSE,cjt,2016-10-28,808.349976,815.48999,793.590027,795.369995,4269900,795.369995
NYSE,cjt,2016-10-27,801,803.48999,791.5,795.349976,2749200,795.349976
NYSE,cjt,2016-10-26,806.340027,806.97998,796.320007,799.070007,1647700,799.070007
NYSE,cjt,2016-10-25,816.679993,816.679993,805.140015,807.669983,1576400,807.669983
NYSE,cjt,2016-10-24,804.900024,815.179993,804.820007,813.109985,1697500,813.109985
NYSE,Cmp,2016-10-21,795,799.5,794,799.369995,1266200,799.369995
NYSE,Cmp,2016-10-20,803.299988,803.969971,796.030029,796.969971,1757500,796.969971
NYSE,Cmp,2016-10-19,798.23999,804.599976,798.030029,801.5,1766800,801.5
NYSE,Cmp,2016-10-18,787.849976,801.609985,785.565002,795.26001,2056900,795.26001
DOLE,Cmp,2016-10-17,779.799988,785.849976,777.5,779.960022,1093000,779.960022
DOLE,Cmp,2016-10-14,781.650024,783.950012,776,778.530029,852500,778.530029
DOLE,Cmp,2016-10-13,781.219971,781.219971,773,778.190002,1365300,778.190002
DOLE,Cmp,2016-10-12,783.76001,788.130005,782.059998,786.140015,937400,786.140015
DOLE,Cmp,2016-10-11,786.659973,792.280029,780.580017,783.070007,1372500,783.070007
DOLE,Cmp,2016-10-10,777.710022,789.380005,775.869995,785.940002,1174900,785.940002
DOLE,Cmp,2016-10-07,779.659973,779.659973,770.75,775.080017,933200,775.080017
DOLE,Cmp,2016-10-06,779,780.47998,775.539978,776.859985,1070700,776.859985
DOLE,Cmp,2016-10-05,779.309998,782.070007,775.650024,776.469971,1461200,776.469971
DOLE,Cmp,2016-10-04,776.030029,778.710022,772.890015,776.429993,1201400,776.429993
DOLE,Cmp,2016-10-03,774.25,776.065002,769.5,772.559998,1278800,772.559998
DOLE,Cmp,2016-09-30,776.330017,780.940002,774.090027,777.289978,1585300,777.289978
CATO,Cmp,2016-09-29,781.440002,785.799988,774.231995,775.01001,1314700,775.01001
CATO,Cmp,2016-09-28,777.849976,781.809998,774.969971,781.559998,1109800,781.559998
CATO,Cmp,2016-09-27,775.5,785.98999,774.307983,783.01001,1153200,783.01001
CATO,Cmp,2016-09-26,782.73999,782.73999,773.070007,774.210022,1533200,774.210022
CATO,Cmp,2016-09-23,786.590027,788.929993,784.150024,786.900024,1411900,786.900024
CATO,Cmp,2016-09-22,780,789.849976,778.440002,787.210022,1486200,787.210022
CATO,Cmp,2016-09-21,772.659973,777.159973,768.301025,776.219971,1167800,776.219971
CATO,Cmp,2016-09-20,769,773.330017,768.530029,771.409973,978600,771.409973
CATO,Cmp,2016-09-19,772.419983,774,764.440979,765.700012,1172800,765.700012
CATO,Cjt,2016-09-16,769.75,769.75,764.659973,768.880005,2049300,768.880005
CATO,Cjt,2016-09-15,762.890015,773.799988,759.960022,771.76001,1305100,771.76001
DEXO,Cjt,2016-09-14,759.609985,767.679993,759.109985,762.48999,1087400,762.48999
DEXO,Cjt,2016-09-13,764.47998,766.219971,755.799988,759.690002,1395000,759.690002
DEXO,Cmp,2016-09-12,755.130005,770.289978,754,769.02002,1311000,769.02002
DEXO,Cmp,2016-09-09,770.099976,773.244995,759.659973,759.659973,1885500,759.659973
DEXO,Cmp,2016-09-08,778.590027,780.349976,773.580017,775.320007,1270300,775.320007
DEXO,Cmp,2016-09-07,780,782.72998,776.200012,780.349976,893700,780.349976
DEXO,Cmp,2016-09-06,773.450012,782,771,780.080017,1442800,780.080017
DEXO,Cmp,2016-09-02,773.01001,773.919983,768.409973,771.460022,1072700,771.460022
DEXO,Cyt,2016-09-01,769.25,771.02002,764.299988,768.780029,925100,768.780029
DEXO,Cyt,2016-08-31,767.01001,769.090027,765.380005,767.049988,1248600,767.049988
DEXO,Cyt,2016-08-30,769.330017,774.466003,766.840027,769.090027,1130000,769.090027
DEXO,Cyt,2016-08-29,768.73999,774.98999,766.61499,772.150024,847600,772.150024
DEXO,Cyt,2016-08-26,769,776.080017,765.849976,769.539978,1166700,769.539978
DEXO,Cyt,2016-08-25,767,771.890015,763.184998,769.409973,926900,769.409973
DEXO,Cyt,2016-08-24,770.580017,774.5,767.070007,769.640015,1072000,769.640015
DEXO,Cyt,2016-08-23,775.47998,776.440002,771.784973,772.080017,928200,772.080017
DEXO,Cyt,2016-08-22,773.27002,774.539978,770.049988,772.150024,951400,772.150024
DEXO,Cyt,2016-08-19,775,777.099976,773.130005,775.419983,861500,775.419983
DEXO,Cyt,2016-08-18,780.01001,782.859985,777,777.5,719400,777.5
NYSE,Cyt,2016-08-17,777.320007,780.809998,773.530029,779.909973,924200,779.909973
NYSE,Cyt,2016-08-16,780.299988,780.97998,773.44397,777.140015,1028000,777.140015
NYSE,Cyt,2016-08-15,783.75,787.48999,780.109985,782.440002,938200,782.440002
NYSE,Cyt,2016-08-12,781.5,783.39502,780.400024,783.219971,740500,783.219971
NYSE,Cyt,2016-08-11,785,789.75,782.969971,784.849976,975100,784.849976
NYSE,Cyt,2016-08-10,783.75,786.812012,782.778015,784.679993,786400,784.679993
NYSE,Cyt,2016-08-09,781.099976,788.940002,780.570007,784.26001,1318900,784.26001
NYSE,Cyt,2016-08-08,782,782.630005,778.091003,781.76001,1107900,781.76001
NYSE,Cyt,2016-08-05,773.780029,783.039978,772.340027,782.219971,1801200,782.219971
NYSE,Cyt,2016-08-04,772.219971,774.070007,768.794983,771.609985,1140300,771.609985
NYSE,Cyt,2016-08-03,767.179993,773.210022,766.820007,773.179993,1287400,773.179993
NYSE,Cyt,2016-08-02,768.690002,775.840027,767.849976,771.070007,1784500,771.070007
NYSE,Cyt,2016-08-01,761.090027,780.429993,761.090027,772.880005,2700500,772.880005
NYSE,Cyt,2016-07-29,772.710022,778.549988,766.77002,768.789978,3841500,768.789978
NYSE,Cyt,2016-07-28,747.039978,748.650024,739.299988,745.909973,3530200,745.909973
NYSE,Cyt,2016-07-27,738.280029,744.460022,737,741.77002,1512500,741.77002
NYSE,Cyt,2016-07-26,739.039978,741.690002,734.27002,738.419983,1186700,738.419983
NYSE,Cyt,2016-07-25,740.669983,742.609985,737.5,739.77002,1032400,739.77002
NYSE,Cyt,2016-07-22,741.859985,743.23999,736.559998,742.73999,1259800,742.73999
NYSE,Cyt,2016-07-21,740.359985,741.690002,735.830994,738.630005,1026300,738.630005
NYSE,Cyt,2016-07-20,737.330017,742.130005,737.099976,741.190002,1289700,741.190002
NYSE,Cyt,2016-07-19,729.890015,736.98999,729,736.960022,1227500,736.960022
NYSE,Cyt,2016-07-18,722.710022,736.130005,721.190002,733.780029,1295500,733.780029
NYSE,Cyt,2016-07-15,725.72998,725.73999,719.054993,719.849976,1279300,719.849976
NYSE,Cyt,2016-07-14,721.580017,722.210022,718.030029,720.950012,950200,720.950012
NYSE,Cyt,2016-07-13,723.619995,724,716.849976,716.97998,935900,716.97998
DEXO,Cyt,2016-07-12,719.119995,722.940002,715.909973,720.640015,1336900,720.640015
DEXO,Cyt,2016-07-11,708.049988,716.51001,707.23999,715.090027,1111800,715.090027
DEXO,Cyt,2016-07-08,699.5,705.710022,696.434998,705.630005,1575200,705.630005
DEXO,Cmp,2016-07-07,698.080017,698.200012,688.215027,695.359985,1304200,695.359985
DEXO,Cmp,2016-07-06,689.97998,701.679993,689.090027,697.77002,1411900,697.77002
DEXO,Cmp,2016-07-05,696.059998,696.940002,688.880005,694.950012,1462600,694.950012
DEXO,Cmp,2016-07-01,692.200012,700.650024,692.130005,699.210022,1344700,699.210022
DEXO,Cmp,2016-06-30,685.469971,692.320007,683.650024,692.099976,1597700,692.099976
DEXO,Cmp,2016-06-29,683,687.429016,681.409973,684.109985,1932600,684.109985
DEXO,Cmp,2016-06-28,678.969971,680.330017,673,680.039978,2173800,680.039978
DEXO,Cmp,2016-06-27,671,672.299988,663.283997,668.26001,2629000,668.26001
DEXO,Cmp,2016-06-24,675.169983,689.400024,673.450012,675.219971,4449000,675.219971
DEXO,Cmp,2016-06-23,697.450012,701.950012,687,701.869995,2171400,701.869995
CATO,Cmp,2016-06-22,699.059998,700.859985,693.08197,697.460022,1184300,697.460022
DOLE,Cjt,2016-06-21,698.400024,702.77002,692.01001,695.940002,1465600,695.940002
DOLE,Cjt,2016-06-20,698.77002,702.47998,693.409973,693.710022,2082500,693.710022
DOLE,Cjt,2016-06-17,708.650024,708.820007,688.452026,691.719971,3402400,691.719971
DOLE,Cjt,2016-06-16,714.909973,716.650024,703.26001,710.359985,1982500,710.359985
DOLE,Cjt,2016-06-15,719,722.97998,717.309998,718.919983,1214500,718.919983
DOLE,Cjt,2016-06-14,716.47998,722.469971,713.119995,718.27002,1306100,718.27002
DOLE,Cjt,2016-06-13,716.51001,725.440002,716.51001,718.359985,1258900,718.359985
DOLE,Cjt,2016-06-10,719.469971,725.890015,716.429993,719.409973,1216400,719.409973
DOLE,Cjt,2016-06-09,722.869995,729.539978,722.335999,728.580017,988900,728.580017
DOLE,Cjt,2016-06-08,723.960022,728.570007,720.580017,728.280029,1583700,728.280029
DOLE,Cjt,2016-06-07,719.840027,721.97998,716.549988,716.650024,1336200,716.650024
DOLE,Cjt,2016-06-06,724.909973,724.909973,714.609985,716.549988,1565300,716.549988
DOLE,Cmp,2016-06-03,729.27002,729.48999,720.559998,722.340027,1226300,722.340027
DOLE,Cmp,2016-06-02,732.5,733.02002,724.169983,730.400024,1341800,730.400024
DOLE,Cli,2016-06-01,734.530029,737.210022,730.659973,734.150024,1253600,734.150024
DOLE,Cli,2016-05-31,731.73999,739.72998,731.26001,735.719971,2129500,735.719971
DOLE,Cli,2016-05-27,724.01001,733.935974,724,732.659973,1974000,732.659973
NYSE,Cli,2016-05-26,722.869995,728.330017,720.280029,724.119995,1576300,724.119995
NYSE,Cli,2016-05-25,720.76001,727.51001,719.705017,725.27002,1629200,725.27002
NYSE,Cli,2016-05-24,706.859985,720.969971,706.859985,720.090027,1929500,720.090027
NYSE,Cli,2016-05-23,706.530029,711.478027,704.179993,704.23999,1330700,704.23999
NYSE,Cli,2016-05-20,701.619995,714.580017,700.52002,709.73999,1828400,709.73999
NYSE,Cli,2016-05-19,702.359985,706,696.799988,700.320007,1670200,700.320007
NYSE,Cli,2016-05-18,703.669983,711.599976,700.630005,706.630005,1766800,706.630005
NYSE,Cli,2016-05-17,715.98999,721.52002,704.109985,706.22998,2001200,706.22998
NYSE,Cli,2016-05-16,709.130005,718.47998,705.650024,716.48999,1317100,716.48999
NYSE,Cli,2016-05-13,711.929993,716.661987,709.26001,710.830017,1314500,710.830017
NYSE,Cli,2016-05-12,717.059998,719.25,709,713.309998,1360700,713.309998
NYSE,Cli,2016-05-11,723.409973,724.47998,712.799988,715.289978,1692100,715.289978
NYSE,Cli,2016-05-10,716.75,723.5,715.719971,723.179993,1569600,723.179993
NYSE,Cli,2016-05-09,712,718.710022,710,712.900024,1510300,712.900024
NYSE,Cli,2016-05-06,698.380005,711.859985,698.106995,711.119995,1826100,711.119995
NYSE,Cli,2016-05-05,697.700012,702.320007,695.719971,701.429993,1683500,701.429993
NYSE,Cmp,2016-05-04,690.48999,699.75,689.01001,695.700012,1693500,695.700012
NYSE,Cmp,2016-05-03,696.869995,697.840027,692,692.359985,1543800,692.359985
NYSE,Cmp,2016-05-02,697.630005,700.640015,691,698.210022,1645300,698.210022
NYSE,Cmp,2016-04-29,690.700012,697.619995,689,693.01001,2487700,693.01001
NYSE,Cmp,2016-04-28,708.26001,714.169983,689.549988,691.02002,2867300,691.02002
DEXO,Cmp,2016-04-27,707.289978,708.97998,692.36499,705.840027,3098600,705.840027
DEXO,Cmp,2016-04-26,725.419983,725.765991,703.026001,708.140015,2744600,708.140015
DEXO,Cmp,2016-04-25,716.099976,723.929993,715.590027,723.150024,1959200,723.150024
DEXO,Cmp,2016-04-22,726.299988,736.119995,713.609985,718.77002,5951900,718.77002
DEXO,Cmp,2016-04-21,755.380005,760.450012,749.549988,759.140015,3060500,759.140015
DEXO,Cmp,2016-04-20,758,758.132019,750.01001,752.669983,1529200,752.669983
DEXO,Cmp,2016-04-19,769.51001,769.900024,749.330017,753.929993,2030500,753.929993
DEXO,Cmp,2016-04-18,760.460022,768.049988,757.299988,766.609985,1556000,766.609985
DEXO,Cmp,2016-04-15,753.97998,761,752.69397,759,1809300,759
DEXO,Cmp,2016-04-14,754.01001,757.309998,752.705017,753.200012,1135300,753.200012
DEXO,Cmp,2016-04-13,749.159973,754.380005,744.260986,751.719971,1707100,751.719971
DEXO,Cmp,2016-04-12,738,743.830017,731.01001,743.090027,1353000,743.090027
DEXO,Cmp,2016-04-11,743.02002,745,736.049988,736.099976,1220100,736.099976
DEXO,Cmp,2016-04-08,743.969971,745.450012,735.549988,739.150024,1290800,739.150024
DEXO,Cmp,2016-04-07,745.369995,747,736.280029,740.280029,1453200,740.280029
CATO,Cmp,2016-04-06,735.77002,746.23999,735.559998,745.690002,1053700,745.690002
CATO,Cmp,2016-04-05,738,742.799988,735.369995,737.799988,1132300,737.799988
CATO,Cmp,2016-04-04,750.059998,752.799988,742.429993,745.289978,1134200,745.289978
CATO,Cmp,2016-04-01,738.599976,750.340027,737,749.909973,1576700,749.909973
CATO,Cmp,2016-03-31,749.25,750.849976,740.940002,744.950012,1718800,744.950012
CATO,Cmp,2016-03-30,750.099976,757.880005,748.73999,750.530029,1782400,750.530029
CATO,Cmp,2016-03-29,734.590027,747.25,728.76001,744.77002,1903800,744.77002
CATO,Cmp,2016-03-28,736.789978,738.98999,732.5,733.530029,1301300,733.530029
CATO,Cmp,2016-03-24,732.01001,737.747009,731,735.299988,1594900,735.299988
CATO,Cmp,2016-03-23,742.359985,745.719971,736.150024,738.059998,1432100,738.059998
CATO,Cmp,2016-03-22,737.460022,745,737.460022,740.75,1269700,740.75
CATO,Cmp,2016-03-21,736.5,742.5,733.515991,742.090027,1836500,742.090027
CATO,Cmp,2016-03-18,741.859985,742,731.830017,737.599976,2980700,737.599976
CATO,Cmp,2016-03-17,736.450012,743.070007,736,737.780029,1860800,737.780029
CATO,Cmp,2016-03-16,726.369995,737.469971,724.51001,736.090027,1624400,736.090027
CATO,Cmp,2016-03-15,726.919983,732.289978,724.77002,728.330017,1721000,728.330017
CATO,Cmp,2016-03-14,726.809998,735.5,725.150024,730.48999,1718300,730.48999
CATO,Cmp,2016-03-11,720,726.919983,717.125,726.820007,1970800,726.820007
CATO,Cmp,2016-03-10,708.119995,716.440002,703.359985,712.820007,2833500,712.820007
CATO,Cmp,2016-03-09,698.469971,705.679993,694,705.23999,1421500,705.23999
CATO,Cmp,2016-03-08,688.590027,703.789978,685.340027,693.969971,2076300,693.969971
CATO,Cmp,2016-03-07,706.900024,708.091003,686.900024,695.159973,2985100,695.159973
CATO,Cmp,2016-03-04,714.98999,716.48999,706.02002,710.890015,1972100,710.890015
CATO,Cmp,2016-03-03,718.679993,719.450012,706.02002,712.419983,1958000,712.419983
CATO,Cmp,2016-03-02,719,720,712,718.849976,1629000,718.849976
CATO,Cmp,2016-03-01,703.619995,718.809998,699.77002,718.809998,2151400,718.809998
CATO,Cmp,2016-02-29,700.320007,710.890015,697.679993,697.77002,2481100,697.77002
CATO,Cmp,2016-02-26,708.580017,713.429993,700.859985,705.070007,2243500,705.070007
CATO,Cmp,2016-02-25,700.01001,705.97998,690.585022,705.75,1642200,705.75
CATO,Cmp,2016-02-24,688.919983,700,680.780029,699.559998,1963600,699.559998
CATO,Cmp,2016-02-23,701.450012,708.400024,693.580017,695.849976,2009300,695.849976
CATO,Cmp,2016-02-22,707.450012,713.23999,702.51001,706.460022,1949800,706.460022
CATO,Cmp,2016-02-19,695.030029,703.080994,694.049988,700.909973,1589300,700.909973
CATO,Cmp,2016-02-18,710,712.349976,696.030029,697.349976,1883200,697.349976
CATO,Cmp,2016-02-17,698.090027,709.75,691.380005,708.400024,2492600,708.400024
CATO,Cmp,2016-02-16,692.97998,698,685.049988,691,2520000,691
CATO,Cmp,2016-02-12,690.26001,693.75,678.599976,682.400024,2141400,682.400024
CATO,Cmp,2016-02-11,675,689.349976,668.867981,683.109985,3024000,683.109985
CATO,Cmp,2016-02-10,686.859985,701.309998,682.130005,684.119995,2638000,684.119995
CATO,Cmp,2016-02-09,672.320007,699.900024,668.77002,678.109985,3608900,678.109985
CATO,Cmp,2016-02-08,667.849976,684.030029,663.059998,682.73999,4247400,682.73999
CATO,Cmp,2016-02-05,703.869995,703.98999,680.150024,683.570007,5105700,683.570007
CATO,Cmp,2016-02-04,722.809998,727,701.859985,708.01001,5168700,708.01001
CATO,Cmp,2016-02-03,770.219971,774.5,720.5,726.950012,6171000,726.950012
CATO,Cmp,2016-02-02,784.5,789.869995,764.650024,764.650024,6348100,764.650024
CATO,Cmp,2016-02-01,750.460022,757.859985,743.27002,752,5139200,752
CATO,Cmp,2016-01-29,731.530029,744.98999,726.799988,742.950012,3474300,742.950012
CATO,Cmp,2016-01-28,722.219971,733.690002,712.349976,730.960022,2676400,730.960022
CATO,Cmp,2016-01-27,713.669983,718.234985,694.390015,699.98999,2194200,699.98999
CATO,Cmp,2016-01-26,713.849976,718.280029,706.47998,713.039978,1331700,713.039978
CATO,Cmp,2016-01-25,723.580017,729.679993,710.01001,711.669983,1711700,711.669983
CATO,Cmp,2016-01-22,723.599976,728.130005,720.120972,725.25,2011800,725.25
DEXO,Cmp,2016-01-21,702.179993,719.190002,694.460022,706.590027,2412200,706.590027
DEXO,Cmp,2016-01-20,688.609985,706.849976,673.26001,698.450012,3445000,698.450012
DEXO,Cmp,2016-01-19,703.299988,709.97998,693.409973,701.789978,2268100,701.789978
DEXO,Cmp,2016-01-15,692.289978,706.73999,685.369995,694.450012,3592400,694.450012
DEXO,Cmp,2016-01-14,705.380005,721.924988,689.099976,714.719971,2225800,714.719971
DEXO,Cmp,2016-01-13,730.849976,734.73999,698.609985,700.559998,2501700,700.559998
DEXO,Cyt,2016-01-12,721.679993,728.75,717.317017,726.070007,2024500,726.070007
DEXO,Cyt,2016-01-11,716.609985,718.85498,703.539978,716.030029,2090600,716.030029
DEXO,Cyt,2016-01-08,731.450012,733.22998,713,714.469971,2450900,714.469971
DEXO,Cyt,2016-01-07,730.309998,738.5,719.059998,726.390015,2963700,726.390015
DEXO,Cyt,2016-01-06,730,747.179993,728.919983,743.619995,1947000,743.619995
DEXO,Cyt,2016-01-05,746.450012,752,738.640015,742.580017,1950700,742.580017
DEXO,Cyt,2016-01-04,743,744.059998,731.257996,741.840027,3272800,741.840027
DEXO,Cyt,2015-12-31,769.5,769.5,758.340027,758.880005,1489600,758.880005
DEXO,Cyt,2015-12-30,776.599976,777.599976,766.900024,771,1293300,771
DEXO,Cyt,2015-12-29,766.690002,779.97998,766.429993,776.599976,1765000,776.599976
DEXO,Cyt,2015-12-28,752.919983,762.98999,749.52002,762.51001,1515300,762.51001
DEXO,Cyt,2015-12-24,749.549988,751.349976,746.619995,748.400024,527200,748.400024
DEXO,Cyt,2015-12-23,753.469971,754.210022,744,750.309998,1565900,750.309998
DEXO,Cyt,2015-12-22,751.650024,754.849976,745.530029,750,1365400,750
DEXO,Cyt,2015-12-21,746.130005,750,740,747.77002,1525700,747.77002
NYSE,Cyt,2015-12-18,746.51001,754.130005,738.150024,739.309998,3148700,739.309998
NYSE,Cyt,2015-12-17,762.419983,762.679993,749,749.429993,1553400,749.429993
NYSE,Cyt,2015-12-16,750,760.590027,739.434998,758.090027,1993300,758.090027
NYSE,Cyt,2015-12-15,753,758.080017,743.01001,743.400024,2666200,743.400024
NYSE,Cyt,2015-12-14,741.789978,748.72998,724.169983,747.77002,2412500,747.77002
NYSE,Cyt,2015-12-11,741.159973,745.710022,736.75,738.869995,2224400,738.869995
NYSE,Cyt,2015-12-10,752.849976,755.849976,743.830017,749.460022,1984900,749.460022
NYSE,Cli,2015-12-09,759.169983,764.22998,737.000977,751.609985,2700000,751.609985
NYSE,Cli,2015-12-08,757.890015,764.799988,754.200012,762.369995,1829500,762.369995
NYSE,Cli,2015-12-07,767.77002,768.72998,755.090027,763.25,1812300,763.25
NYSE,Cli,2015-12-04,753.099976,768.48999,750,766.809998,2757300,766.809998
NYSE,Cli,2015-12-03,766.01001,768.994995,745.630005,752.539978,2590600,752.539978
NYSE,Cli,2015-12-02,768.900024,775.955017,758.960022,762.380005,2230400,762.380005
NYSE,Cli,2015-12-01,747.109985,768.950012,746.700012,767.039978,2134600,767.039978
NYSE,Cli,2015-11-30,748.809998,754.929993,741.27002,742.599976,2097600,742.599976
NYSE,Cli,2015-11-27,748.460022,753.409973,747.48999,750.26001,838500,750.26001
NYSE,Cli,2015-11-25,748.140015,752,746.059998,748.150024,1122100,748.150024
NYSE,Cli,2015-11-24,752,755.278992,737.630005,748.280029,2333100,748.280029
NYSE,Cli,2015-11-23,757.450012,762.708008,751.820007,755.97998,1414500,755.97998
DOLE,Cli,2015-11-20,746.530029,757.919983,743,756.599976,2212300,756.599976
DOLE,Cli,2015-11-19,738.73999,742,737.429993,738.409973,1327100,738.409973
DOLE,Cli,2015-11-18,727.580017,741.409973,727,740,1684300,740
DOLE,Cli,2015-11-17,729.289978,731.844971,723.026978,725.299988,1510900,725.299988
DOLE,Cli,2015-11-16,715.599976,729.48999,711.330017,728.960022,1905900,728.960022
DOLE,Cli,2015-11-13,729.169983,731.150024,716.72998,717,2075500,717
DOLE,Cli,2015-11-12,731,737.799988,728.64502,731.22998,1837200,731.22998
DOLE,Cli,2015-11-11,732.460022,741,730.22998,735.400024,1366400,735.400024
DOLE,Cli,2015-11-10,724.400024,730.590027,718.5,728.320007,1608000,728.320007
DOLE,Cli,2015-11-09,730.200012,734.710022,719.429993,724.890015,2069800,724.890015
DOLE,Cli,2015-11-06,731.5,735.409973,727.01001,733.76001,1511600,733.76001
DOLE,Cli,2015-11-05,729.469971,739.47998,729.469971,731.25,1861600,731.25
DOLE,Cli,2015-11-04,722,733.099976,721.900024,728.109985,1706700,728.109985
DOLE,Cli,2015-11-03,718.859985,724.650024,714.719971,722.159973,1565400,722.159973
DOLE,cjt,2015-11-02,711.059998,721.619995,705.849976,721.109985,1886300,721.109985
DOLE,Cli,2015-10-30,715.72998,718,710.049988,710.809998,1908800,710.809998
DOLE,Cli,2015-10-29,710.5,718.26001,710.01001,716.919983,1456000,716.919983
DOLE,Cli,2015-10-28,707.330017,712.97998,703.080017,712.950012,2178900,712.950012
DOLE,Cli,2015-10-27,707.380005,713.619995,704.549988,708.48999,2245800,708.48999
DOLE,Cli,2015-10-26,701.549988,719.150024,701.26001,712.780029,2716600,712.780029
DOLE,Cli,2015-10-23,727.5,730,701.5,702,6653900,702
DOLE,cjt,2015-10-22,646.700012,657.799988,644.01001,651.789978,4071000,651.789978
DOLE,cjt,2015-10-21,654.150024,655.869995,641.72998,642.609985,1791100,642.609985
DOLE,cjt,2015-10-20,664.039978,664.719971,644.195007,650.280029,2490000,650.280029
DOLE,cjt,2015-10-19,661.179993,666.820007,659.580017,666.099976,1477300,666.099976
CATO,cjt,2015-10-16,664.109985,664.969971,657.200012,662.200012,1611100,662.200012
CATO,cjt,2015-10-15,654.659973,663.130005,654.460022,661.73999,1885700,661.73999
CATO,cjt,2015-10-14,653.210022,659.390015,648.849976,651.159973,1415500,651.159973
CATO,cjt,2015-10-13,643.150024,657.812012,643.150024,652.299988,1807700,652.299988
CATO,cjt,2015-10-12,642.090027,648.5,639.01001,646.669983,1275200,646.669983
CATO,Cli,2015-10-09,640,645.98999,635.317993,643.609985,1648700,643.609985
CATO,Cli,2015-10-08,641.359985,644.450012,625.559998,639.159973,2182100,639.159973
CATO,Cli,2015-10-07,649.23999,650.609009,632.150024,642.359985,2092700,642.359985
CATO,Cli,2015-10-06,638.840027,649.25,636.530029,645.440002,2166300,645.440002
CATO,Cli,2015-10-05,632,643.01001,627,641.469971,1803600,641.469971
CATO,Cli,2015-10-02,607.200012,627.340027,603.130005,626.909973,2684800,626.909973
CATO,Cli,2015-10-01,608.369995,612.090027,599.849976,611.289978,1867600,611.289978
CATO,Cyt,2015-09-30,603.280029,608.76001,600.72998,608.419983,2413400,608.419983
CATO,Cyt,2015-09-29,597.280029,605,590.219971,594.969971,2309500,594.969971
CATO,Cyt,2015-09-28,610.340027,614.60498,589.380005,594.890015,3127700,594.890015
CATO,Cyt,2015-09-25,629.77002,629.77002,611,611.969971,2174000,611.969971
CATO,Cyt,2015-09-24,616.640015,627.320007,612.400024,625.799988,2240100,625.799988
DOLE,Cyt,2015-09-23,622.049988,628.929993,620,622.359985,1470900,622.359985
DOLE,Cyt,2015-09-22,627,627.549988,615.429993,622.690002,2562900,622.690002
DOLE,Cyt,2015-09-21,634.400024,636.48999,625.940002,635.440002,1788500,635.440002
DOLE,Cyt,2015-09-18,636.789978,640,627.02002,629.25,5133400,629.25
DOLE,Cyt,2015-09-17,637.789978,650.900024,635.02002,642.900024,2274700,642.900024
DOLE,Cyt,2015-09-16,635.469971,637.950012,632.320007,635.97998,1286500,635.97998
DOLE,Cyt,2015-09-15,626.700012,638.700012,623.780029,635.140015,2084400,635.140015
DOLE,Cyt,2015-09-14,625.700012,625.859985,619.429993,623.23999,1702300,623.23999
DOLE,Cyt,2015-09-11,619.75,625.780029,617.419983,625.77002,1373500,625.77002
DOLE,Cyt,2015-09-10,613.099976,624.159973,611.429993,621.349976,1905300,621.349976
DOLE,Cyt,2015-09-09,621.219971,626.52002,609.599976,612.719971,1702100,612.719971
DOLE,Cyt,2015-09-08,612.48999,616.309998,604.119995,614.659973,2279500,614.659973
DOLE,Cyt,2015-09-04,600,603.469971,595.25,600.700012,2089000,600.700012
DOLE,Cyt,2015-09-03,617,619.710022,602.820984,606.25,1759600,606.25
DOLE,Cyt,2015-09-02,605.590027,614.340027,599.710022,614.340027,2575600,614.340027
DOLE,Cjt,2015-09-01,602.359985,612.859985,594.099976,597.789978,3702100,597.789978
DOLE,Cjt,2015-08-31,627.539978,635.799988,617.679993,618.25,2176700,618.25
DOLE,Cjt,2015-08-28,632.820007,636.880005,624.559998,630.380005,1978700,630.380005
DOLE,Cjt,2015-08-27,639.400024,643.590027,622,637.609985,3491300,637.609985
DOLE,Cjt,2015-08-26,610.349976,631.710022,599.049988,628.619995,4235900,628.619995
DOLE,Cjt,2015-08-25,614.909973,617.450012,581.109985,582.059998,3538000,582.059998
DOLE,Cjt,2015-08-24,573,599.330017,565.049988,589.609985,5770300,589.609985
DOLE,Cjt,2015-08-21,639.780029,640.049988,612.330017,612.47998,4265200,612.47998
DOLE,Cjt,2015-08-20,655.460022,662.98999,642.900024,646.830017,2855300,646.830017
DOLE,Cjt,2015-08-19,656.599976,667,654.190002,660.900024,2131600,660.900024
DOLE,Cjt,2015-08-18,661.900024,664,653.460022,656.130005,1456100,656.130005
DOLE,Cjt,2015-08-17,656.799988,661.380005,651.23999,660.869995,1051700,660.869995
DOLE,Cjt,2015-08-14,655.01001,659.85498,652.659973,657.119995,1072100,657.119995
CATO,Cjt,2015-08-13,659.322021,664.5,651.661011,656.450012,1810700,656.450012
CATO,Cjt,2015-08-12,663.080017,665,652.289978,659.559998,2936700,659.559998
CATO,Cjt,2015-08-11,669.200012,674.900024,654.27002,660.780029,5029200,660.780029
CATO,Cjt,2015-08-10,639.47998,643.440002,631.249023,633.72998,1809200,633.72998
CATO,Cyt,2015-08-07,640.22998,642.679993,629.710022,635.299988,1403900,635.299988
CATO,Cyt,2015-08-06,645,645.379028,632.25,642.679993,1572600,642.679993
CATO,Cyt,2015-08-05,634.330017,647.859985,633.159973,643.780029,2334300,643.780029
CATO,Cyt,2015-08-04,628.419983,634.809998,627.159973,629.25,1490900,629.25
CATO,Cyt,2015-08-03,625.340027,633.05603,625.340027,631.210022,1304500,631.210022
CATO,Cyt,2015-07-31,631.380005,632.909973,625.5,625.609985,1706100,625.609985
CATO,Cyt,2015-07-30,630,635.219971,622.049988,632.590027,1474200,632.590027
CATO,Cyt,2015-07-29,628.799988,633.359985,622.650024,631.929993,1575100,631.929993
CATO,Cyt,2015-07-28,632.830017,632.830017,623.309998,628,1727300,628
CATO,Cyt,2015-07-27,621,634.299988,620.5,627.26001,2675400,627.26001
CATO,Cyt,2015-07-24,647,648.169983,622.52002,623.559998,3625700,623.559998
CATO,Cyt,2015-07-23,661.27002,663.630005,641,644.280029,3029100,644.280029
CATO,Cyt,2015-07-22,660.890015,678.640015,659,662.099976,3929300,662.099976
CATO,Cyt,2015-07-21,655.210022,673,654.299988,662.299988,3377200,662.299988
CATO,Cyt,2015-07-20,659.23999,668.880005,653.01001,663.02002,5860900,663.02002
CATO,Cyt,2015-07-17,649,674.468018,645,672.929993,11164900,672.929993
CATO,Cyt,2015-07-16,565.119995,580.679993,565,579.849976,4768300,579.849976
CATO,Cyt,2015-07-15,560.130005,566.502991,556.789978,560.219971,1784600,560.219971
CATO,Cyt,2015-07-14,546.76001,565.848999,546.710022,561.099976,3244100,561.099976
CATO,Cyt,2015-07-13,532.880005,547.109985,532.400024,546.549988,2206500,546.549988
CATO,Cyt,2015-07-10,526.289978,532.559998,525.549988,530.130005,1956700,530.130005
CATO,Cyt,2015-07-09,523.119995,523.77002,520.349976,520.679993,1839400,520.679993
CATO,Cyt,2015-07-08,521.049988,522.734009,516.109985,516.830017,1296700,516.830017
CATO,Cyt,2015-07-07,523.130005,526.179993,515.179993,525.02002,1597200,525.02002
CATO,Cyt,2015-07-06,519.5,525.25,519,522.859985,1280500,522.859985
CATO,Cyt,2015-07-02,521.080017,524.650024,521.080017,523.400024,1235900,523.400024
CATO,Cyt,2015-07-01,524.72998,525.690002,518.22998,521.840027,1961000,521.840027
CATO,Cyt,2015-06-30,526.02002,526.25,520.5,520.51001,2217200,520.51001
CATO,Cyt,2015-06-29,525.01001,528.609985,520.539978,521.52002,1937800,521.52002
CATO,Cyt,2015-06-26,537.26001,537.76001,531.349976,531.690002,2109100,531.690002
CATO,Cyt,2015-06-25,538.869995,540.900024,535.22998,535.22998,1335700,535.22998
CATO,Cyt,2015-06-24,540,540,535.659973,537.840027,1286600,537.840027
CATO,Cyt,2015-06-23,539.640015,541.499023,535.25,540.47998,1197500,540.47998
CATO,Cyt,2015-06-22,539.590027,543.73999,537.530029,538.190002,1250300,538.190002
CATO,Cyt,2015-06-19,537.210022,538.25,533.01001,536.690002,1893500,536.690002
CATO,Cyt,2015-06-18,531,538.150024,530.789978,536.72998,1833100,536.72998
CATO,Cyt,2015-06-17,529.369995,530.97998,525.099976,529.26001,1294200,529.26001
CATO,Cyt,2015-06-16,528.400024,529.640015,525.559998,528.150024,1071800,528.150024
CATO,Cyt,2015-06-15,528,528.299988,524,527.200012,1632700,527.200012
CATO,Cyt,2015-06-12,531.599976,533.119995,530.159973,532.330017,955800,532.330017
CATO,Cyt,2015-06-11,538.424988,538.97998,533.02002,534.609985,1217500,534.609985
CATO,Cyt,2015-06-10,529.359985,538.359985,529.349976,536.690002,1815000,536.690002
CATO,Cyt,2015-06-09,527.559998,529.200012,523.01001,526.690002,1455300,526.690002
CATO,Cyt,2015-06-08,533.309998,534.119995,526.23999,526.830017,1520600,526.830017
CATO,Cyt,2015-06-05,536.349976,537.200012,532.52002,533.330017,1388200,533.330017
DOLE,Cyt,2015-06-04,537.76001,540.590027,534.320007,536.700012,1348300,536.700012
DOLE,Cyt,2015-06-03,539.909973,543.5,537.109985,540.309998,1714500,540.309998
DOLE,Cyt,2015-06-02,532.929993,543,531.330017,539.179993,1939000,539.179993
DOLE,Cyt,2015-06-01,536.789978,536.789978,529.76001,533.98999,1904300,533.98999
DOLE,Cyt,2015-05-29,537.369995,538.630005,531.450012,532.109985,2597400,532.109985
DOLE,Cyt,2015-05-28,538.01001,540.609985,536.25,539.780029,1029800,539.780029
DOLE,Cyt,2015-05-27,532.799988,540.549988,531.710022,539.789978,1525000,539.789978
DOLE,Cyt,2015-05-26,538.119995,539,529.880005,532.320007,2406500,532.320007
DOLE,Cyt,2015-05-22,540.150024,544.190002,539.51001,540.109985,1176200,540.109985
DOLE,Cyt,2015-05-21,537.950012,543.840027,535.97998,542.51001,1462700,542.51001
DOLE,Cyt,2015-05-20,538.48999,542.919983,532.971985,539.27002,1430800,539.27002
DOLE,Cmp,2015-05-19,533.97998,540.659973,533.039978,537.359985,1966900,537.359985
DOLE,Cmp,2015-05-18,532.01001,534.820007,528.849976,532.299988,2003400,532.299988
DOLE,Cmp,2015-05-15,539.179993,539.273987,530.380005,533.849976,1971300,533.849976
DOLE,Cmp,2015-05-14,533.77002,539,532.409973,538.400024,1403900,538.400024
DOLE,Cmp,2015-05-13,530.559998,534.322021,528.655029,529.619995,1252300,529.619995
DOLE,Cmp,2015-05-12,531.599976,533.208984,525.26001,529.039978,1634200,529.039978
DOLE,Cmp,2015-05-11,538.369995,541.97998,535.400024,535.700012,905300,535.700012
DOLE,Cmp,2015-05-08,536.650024,541.150024,525,538.219971,1527600,538.219971
DOLE,Cmp,2015-05-07,523.98999,533.460022,521.75,530.700012,1546300,530.700012
DOLE,Cmp,2015-05-06,531.23999,532.380005,521.085022,524.219971,1567000,524.219971
DOLE,Cmp,2015-05-05,538.210022,539.73999,530.390991,530.799988,1383100,530.799988
DOLE,Cmp,2015-05-04,538.530029,544.070007,535.059998,540.780029,1308000,540.780029
DOLE,Cmp,2015-05-01,538.429993,539.539978,532.099976,537.900024,1768200,537.900024
DOLE,Cmp,2015-04-30,547.869995,548.590027,535.049988,537.340027,2082200,537.340027
DOLE,Cmp,2015-04-29,550.469971,553.679993,546.905029,549.080017,1698800,549.080017
DOLE,Cmp,2015-04-28,554.640015,556.02002,550.366028,553.679993,1491000,553.679993
DOLE,Cmp,2015-04-27,563.390015,565.950012,553.200012,555.369995,2398000,555.369995
DOLE,Cmp,2015-04-24,566.102584,571.14259,557.252507,565.062561,4932500,565.062561
DOLE,Cmp,2015-04-23,541.002435,550.96249,540.23244,547.002472,4184800,547.002472
DOLE,Cmp,2015-04-22,534.402426,541.082428,531.752397,539.367458,1593500,539.367458
DOLE,Cmp,2015-04-21,537.512456,539.392429,533.677415,533.972413,1844700,533.972413
DOLE,Cmp,2015-04-20,525.602352,536.092424,524.50235,535.382408,1679200,535.382408
DOLE,Cmp,2015-04-17,528.662379,529.842373,521.012371,524.052386,2151800,524.052386
DOLE,Cmp,2015-04-16,529.902414,535.592396,529.612373,533.802391,1299800,533.802391
DOLE,Cmp,2015-04-15,528.702406,534.732432,523.22235,532.532429,2318800,532.532429
DOLE,Cmp,2015-04-14,536.252409,537.572435,528.094416,530.392405,2604100,530.392405
DOLE,Cmp,2015-04-13,538.412447,544.062463,537.312445,539.172466,1645300,539.172466
NYSE,Cmp,2015-04-10,542.292472,542.292472,537.312445,540.012416,1409400,540.012416
NYSE,Cmp,2015-04-09,541.032425,541.952428,535.492451,540.782472,1557800,540.782472
NYSE,Cmp,2015-04-08,538.382457,543.852476,538.382457,541.612446,1178500,541.612446
NYSE,Cmp,2015-04-07,538.08244,542.692434,536.002456,537.022404,1302800,537.022404
NYSE,Cmp,2015-04-06,532.222436,538.412447,529.572407,536.767432,1324400,536.767432
NYSE,Cmp,2015-04-02,540.852427,540.852427,533.849395,535.532417,1716300,535.532417
NYSE,Cmp,2015-04-01,548.602502,551.142488,539.502472,542.562439,1963000,542.562439
NYSE,Cmp,2015-03-31,550.00246,554.712521,546.722468,548.002468,1588000,548.002468
NYSE,Cmp,2015-03-30,551.622503,553.472487,548.17249,552.032502,1287500,552.032502
NYSE,Cmp,2015-03-27,553.002509,555.282504,548.132463,548.342512,1897400,548.342512
NYSE,Cmp,2015-03-26,557.59255,558.90254,550.652497,555.172522,1572600,555.172522
NYSE,Cmp,2015-03-25,570.50259,572.262605,558.742555,558.787539,2152200,558.787539
NYSE,Cmp,2015-03-24,562.562541,574.592603,561.212525,570.192597,2583200,570.192597
NYSE,Cmp,2015-03-23,560.432554,562.362529,555.832536,558.81251,1643800,558.81251
NYSE,Cyt,2015-03-20,561.652513,561.722529,559.052548,560.362537,2616800,560.362537
NYSE,Cyt,2015-03-19,559.392531,560.802526,556.147548,557.992512,1197200,557.992512
NYSE,Cyt,2015-03-18,552.50248,559.782516,547.002472,559.502513,2134500,559.502513
NYSE,Cyt,2015-03-17,551.712472,553.802493,548.002468,550.842471,1805500,550.842471
NYSE,Cyt,2015-03-16,550.952514,556.852545,546.002476,554.512509,1640900,554.512509
NYSE,Cyt,2015-03-13,553.502476,558.402511,544.222448,547.322503,1703500,547.322503
NYSE,Cyt,2015-03-12,553.512513,556.37253,550.462462,555.512505,1389600,555.512505
NYSE,Cmp,2015-03-11,555.142533,558.142521,550.682486,551.182515,1820700,551.182515
NYSE,Cmp,2015-03-10,564.252539,564.852573,554.732534,555.012538,1792300,555.012538
NYSE,Cmp,2015-03-09,566.862541,570.272589,563.537566,568.852557,1062100,568.852557
NYSE,Cmp,2015-03-06,574.882583,576.682625,566.762536,567.687558,1659100,567.687558
NYSE,Cmp,2015-03-05,575.022616,577.912621,573.412609,575.332609,1389600,575.332609
NYSE,Cmp,2015-03-04,571.872619,577.112637,568.012546,573.372583,1876800,573.372583
NYSE,Cmp,2015-03-03,570.452587,575.392588,566.522559,573.64261,1704700,573.64261
NYSE,Cmp,2015-03-02,560.532559,572.152562,558.752531,571.342601,2129600,571.342601
NYSE,Cli,2015-02-27,554.242482,564.712541,552.902503,558.402511,2410100,558.402511
NYSE,Cli,2015-02-26,543.212476,556.142529,541.502464,555.482516,2311500,555.482516
NYSE,Cli,2015-02-25,535.90245,546.222501,535.447406,543.872489,1825900,543.872489
DEXO,Cli,2015-02-24,530.002419,536.792403,528.252381,536.092424,1005000,536.092424
DEXO,Cli,2015-02-23,536.052398,536.441404,529.412422,531.912381,1457800,531.912381
DEXO,Cli,2015-02-20,543.132484,543.75247,535.802444,538.952441,1444300,538.952441
DEXO,Cli,2015-02-19,538.042413,543.11247,538.012424,542.872432,989100,542.872432
DEXO,Cli,2015-02-18,541.402458,545.492471,537.512456,539.702422,1453000,539.702422
DEXO,Cli,2015-02-17,546.83245,550.00246,541.092465,542.842443,1616800,542.842443
DEXO,Cli,2015-02-13,543.352447,549.912491,543.132484,549.012501,1900300,549.012501
DEXO,Cli,2015-02-12,537.252405,544.822482,534.675391,542.932472,1620200,542.932472
DEXO,Cli,2015-02-11,535.302416,538.452412,533.380397,535.972405,1377700,535.972405
DEXO,Cli,2015-02-10,529.302379,537.702431,526.922378,536.942412,1749800,536.942412
DEXO,Cli,2015-02-09,528.002366,532.002411,526.022388,527.832406,1267700,527.832406
DEXO,Cli,2015-02-06,527.64237,537.202402,526.412373,531.002415,1763500,531.002415
DEXO,Cli,2015-02-05,523.792395,528.502395,522.092359,527.582391,1849700,527.582391
DEXO,Cli,2015-02-04,529.2424,532.67442,521.272361,522.762349,1663600,522.762349
DEXO,Cyt,2015-02-03,528.002366,533.40243,523.262377,529.2424,2038600,529.2424
DEXO,Cyt,2015-02-02,531.732383,533.002407,518.552377,528.482381,2849800,528.482381
DEXO,Cyt,2015-01-30,515.862322,539.872444,515.522339,534.522445,5606300,534.522445
DEXO,Cyt,2015-01-29,511.002313,511.092313,501.202274,510.6623,4186300,510.6623
DEXO,Cyt,2015-01-28,522.782362,522.992349,510.002318,510.002318,1683800,510.002318
DEXO,Cyt,2015-01-27,529.972369,530.702398,518.19232,518.63237,1904000,518.63237
DEXO,Cyt,2015-01-26,538.532466,539.002444,529.672413,535.212448,1543700,535.212448
DEXO,Cyt,2015-01-23,535.592396,542.172453,533.002407,539.952437,2281700,539.952437
DEXO,Cyt,2015-01-22,521.482349,536.332401,519.702382,534.392388,2676900,534.392388
DEXO,Cyt,2015-01-21,507.252283,519.282346,506.202284,518.042373,2268700,518.042373
DEXO,Cyt,2015-01-20,511.002313,512.502307,506.018277,506.902294,2232000,506.902294
DEXO,Cyt,2015-01-16,500.012273,508.1923,500.002267,508.082288,2298200,508.082288
DEXO,Cli,2015-01-15,505.572291,505.682303,497.762267,501.792271,2715800,501.792271
DEXO,Cli,2015-01-14,494.652237,503.232286,493.002234,500.872267,2215500,500.872267
DEXO,Cli,2015-01-13,498.842256,502.982272,492.392224,496.182251,2370400,496.182251
DEXO,Cli,2015-01-12,494.942247,495.97823,487.562205,492.552239,2326700,492.552239
DEXO,Cli,2015-01-09,504.7623,504.922285,494.792239,496.172244,2071300,496.172244
DEXO,Cli,2015-01-08,497.992268,503.48227,491.002212,502.682285,3353500,502.682285
DEXO,Cli,2015-01-07,507.002299,507.246285,499.652247,501.102268,2065000,501.102268
DEXO,Cli,2015-01-06,515.002358,516.177334,501.052266,501.962262,2899900,501.962262
DEXO,Cli,2015-01-05,523.262377,524.332389,513.062315,513.872306,2059800,513.872306
DEXO,Cli,2015-01-02,529.012399,531.272382,524.102388,524.812404,1447500,524.812404
DEXO,Cli,2014-12-31,531.252429,532.602384,525.802363,526.402397,1368200,526.402397
DEXO,Cli,2014-12-30,528.092396,531.152424,527.132366,530.422394,876200,530.422394
DEXO,Cli,2014-12-29,532.192385,535.482414,530.013375,530.332426,2278500,530.332426
DEXO,Cli,2014-12-26,528.772422,534.252417,527.312364,534.032392,1040500,534.032392
DEXO,Cli,2014-12-24,530.512424,531.761394,527.022384,528.772422,705900,528.772422
DEXO,Cli,2014-12-23,527.00237,534.56241,526.292354,530.592416,2197600,530.592416
DEXO,Cli,2014-12-22,516.082347,526.462376,516.082347,524.872383,2723700,524.872383
DEXO,Cli,2014-12-19,511.512318,517.722342,506.91328,516.352313,3690200,516.352313
DEXO,Cli,2014-12-18,512.952333,513.872306,504.70229,511.102319,2926700,511.102319
DEXO,Cli,2014-12-17,497.002248,507.002299,496.812244,504.892295,2883100,504.892295
DEXO,Cli,2014-12-16,511.562321,513.052308,489.00222,495.392242,3964200,495.392242
DOLE,Cli,2014-12-15,522.742396,523.102392,513.272333,513.802351,2813400,513.802351
DOLE,Cli,2014-12-12,523.512391,528.502395,518.662359,518.662359,1994500,518.662359
DOLE,Cli,2014-12-11,527.802416,533.922411,527.102376,528.34241,1610800,528.34241
DOLE,Cli,2014-12-10,533.082399,536.332401,525.562386,526.062353,1712200,526.062353
DOLE,Cli,2014-12-09,522.142362,534.192438,520.502366,533.37244,1871300,533.37244
DOLE,Cli,2014-12-08,527.132366,531.002415,523.792395,526.982357,2329300,526.982357
DOLE,Cli,2014-12-05,531.002415,532.892425,524.282386,525.262369,2565600,525.262369
DOLE,Cmp,2014-12-04,531.1624,537.342434,528.592363,537.312445,1392100,537.312445
DOLE,Cmp,2014-12-03,531.442404,535.998416,529.262414,531.322384,1277900,531.322384
DOLE,Cmp,2014-12-02,533.512412,535.502427,529.802408,533.752389,1526600,533.752389
DOLE,Cmp,2014-12-01,538.902438,541.412434,531.862379,533.802391,2115300,533.802391
DOLE,Cmp,2014-11-28,540.622426,542.002431,536.602429,541.832471,1148300,541.832471
DOLE,Cmp,2014-11-26,540.882478,541.552467,537.044437,540.372473,1522900,540.372473
DOLE,Cmp,2014-11-25,539.002444,543.982471,538.60444,541.082428,1789900,541.082428
DOLE,Cmp,2014-11-24,537.652428,542.702471,535.622446,539.272471,1706300,539.272471
DOLE,Cmp,2014-11-21,541.612446,542.142464,536.562402,537.502419,2224200,537.502419
DOLE,Cmp,2014-11-20,531.252429,535.112442,531.082408,534.832438,1563300,534.832438
DOLE,Cmp,2014-11-19,535.002399,538.242425,530.082412,536.992415,1392200,536.992415
DOLE,cjt,2014-11-18,537.502419,541.942452,534.172425,535.032449,1962600,535.032449
DOLE,cjt,2014-11-17,543.582448,543.792436,534.063422,536.512399,1726000,536.512399
DOLE,cjt,2014-11-14,546.682503,546.682503,542.15244,544.402446,1289500,544.402446
DOLE,cjt,2014-11-13,549.80251,549.80251,543.482442,545.38249,1339300,545.38249
DOLE,cjt,2014-11-12,550.392507,550.462462,545.172441,547.312465,1129600,547.312465
DOLE,cjt,2014-11-11,548.492459,551.942473,546.302493,550.292501,965500,550.292501
DOLE,cjt,2014-11-10,541.462437,549.592461,541.022449,547.492463,1134600,547.492463
DOLE,cjt,2014-11-07,546.212464,546.212464,538.672437,541.012473,1633700,541.012473
DOLE,cjt,2014-11-06,545.502448,546.887472,540.972446,542.042458,1333200,542.042458
DOLE,Cmp,2014-11-05,556.802542,556.802542,544.052487,545.922484,2032200,545.922484
DOLE,Cmp,2014-11-04,553.002509,555.502529,549.302481,554.112486,1244200,554.112486
DOLE,Cmp,2014-11-03,555.502529,557.902544,553.23251,555.222525,1382200,555.222525
DOLE,Cli,2014-10-31,559.352504,559.572529,554.752486,559.082538,2035000,559.082538
DOLE,Cli,2014-10-30,548.952461,552.802497,543.512432,550.312514,1455600,550.312514
DOLE,Cli,2014-10-29,550.00246,554.192479,546.982459,549.33247,1770500,549.33247
DOLE,Cli,2014-10-28,543.002488,548.982512,541.622422,548.902458,1270900,548.902458
DOLE,Cli,2014-10-27,537.032441,544.412483,537.032441,540.772435,1185300,540.772435
DOLE,Cli,2014-10-24,544.36248,544.882461,535.792407,539.782415,1973100,539.782415
DEXO,Cli,2014-10-23,539.322413,547.222497,535.852447,543.982471,2348800,543.982471
DEXO,Cli,2014-10-22,529.892376,539.802428,528.802412,532.712427,2919200,532.712427
DEXO,Cli,2014-10-21,525.192353,526.792383,519.112324,526.542369,2336200,526.542369
DEXO,Cli,2014-03-28,561.202549,566.43259,558.672539,559.992565,41200,559.992565
DEXO,Cli,2014-03-27,568.00257,568.00257,552.922516,558.462551,13100,558.462551
DEXO,Cli,2014-03-26,1162.012003,1171.572011,1131.501901,1131.971918,5179200,565.420539
DEXO,Cli,2014-03-25,1166.002007,1169.842037,1147.001947,1158.722002,4838400,578.782219
DEXO,Cli,2014-03-24,1184.192035,1184.902085,1145.952004,1157.931941,6096800,578.387583
DEXO,Cli,2014-03-21,1206.312028,1209.632048,1182.452014,1183.041986,6441000,590.930063
DEXO,Cli,2014-03-20,1199.952085,1209.612076,1195.362061,1197.161999,3381900,597.983016
DEXO,Cli,2014-03-19,1211.80202,1211.992061,1194.412101,1199.252083,3237800,599.027014
DEXO,Cli,2014-03-18,1194.672106,1211.532091,1193.062087,1211.262039,3643500,605.025994
DEXO,Cli,2014-03-17,1179.25207,1197.072063,1178.112069,1192.102079,4340300,595.455584
DEXO,Cli,2014-03-14,1181.992043,1190.87202,1172.532018,1172.80207,4604900,585.81522
DEXO,Cli,2014-03-13,1207.952066,1210.50212,1184.762035,1189.062036,4708600,593.937081
DEXO,Cli,2014-03-12,1196.40208,1207.852083,1184.192035,1207.302054,3943200,603.047979
DEXO,Cli,2014-03-11,1213.772027,1214.322055,1196.642112,1199.99203,3438800,599.396618
DEXO,Cli,2014-03-10,1215.692042,1217.642076,1204.092064,1211.572035,2438200,605.180837
DEXO,Cli,2014-03-07,1226.802152,1226.992071,1211.442033,1214.792073,3041500,606.789247
DEXO,Cli,2014-03-06,1222.282091,1226.152141,1218.602083,1219.612082,2545600,609.196844
DEXO,Cli,2014-03-05,1215.052078,1223.082077,1211.412136,1218.262068,2479700,608.522511
DEXO,Cli,2014-03-04,1215.002086,1216.002038,1209.502046,1214.912028,2946300,606.849165
DEXO,Cli,2014-03-03,1206.752026,1207.842036,1192.142024,1202.692058,4225300,600.745284
DEXO,Cli,2014-02-28,1220.342104,1224.192059,1206.222092,1215.652097,4644500,607.21883
DOLE,Cli,2014-02-27,1218.39207,1224.232126,1217.012037,1219.212151,2529400,608.997078
DOLE,Cli,2014-02-26,1224.002141,1228.882066,1213.762102,1220.172036,3979100,609.476541
DOLE,Cli,2014-02-25,1215.942121,1224.502055,1210.422109,1220.002089,2888100,609.391653
DOLE,Cli,2014-02-24,1205.362067,1220.162111,1205.102063,1212.512071,3361100,605.650385
DOLE,Cli,2014-02-21,1207.812016,1209.872081,1202.842033,1203.792115,3738500,601.294763
DOLE,Cli,2014-02-20,1203.142104,1206.892075,1200.222015,1204.112036,3414300,601.454563
DOLE,Cli,2014-02-19,1205.302029,1209.222069,1197.502014,1202.342118,4222900,600.570489
DOLE,Cli,2013-12-18,1071.851804,1084.951893,1059.041862,1084.751805,4437100,541.834068
DOLE,Cli,2013-12-17,1072.821859,1080.761801,1068.381809,1069.861826,3082800,534.396516
DOLE,Cyt,2013-12-16,1064.001798,1074.691882,1062.01182,1072.981881,3216000,535.954985
DOLE,Cyt,2013-12-13,1075.40181,1076.291854,1057.891813,1060.791808,4340900,529.866038
DOLE,Cyt,2013-12-12,1079.571808,1082.94182,1069.001801,1069.961809,3204800,534.446458
DOLE,Cyt,2013-12-11,1087.401842,1091.321883,1075.171825,1077.291806,3436400,538.107795
DOLE,Cyt,2013-12-10,1076.151804,1092.311909,1075.65189,1084.661869,3721600,541.789145
DOLE,Cyt,2013-12-09,1070.99178,1082.311903,1068.021822,1078.141905,2976200,538.53242
DOLE,Cyt,2013-12-06,1069.791862,1070.001875,1060.081758,1069.871873,2868200,534.401535
DOLE,cjt,2013-12-05,1057.201858,1059.661854,1051.09175,1057.341785,2275800,528.14275
DOLE,cjt,2013-12-04,1051.37185,1063.981826,1050.001741,1058.181837,2392000,528.562356
DOLE,cjt,2013-12-03,1050.951823,1063.441845,1049.021761,1053.261845,3364700,526.104818
DOLE,cjt,2013-12-02,1063.511809,1066.351887,1050.761782,1054.481857,2756600,526.714214
DOLE,cjt,2013-11-29,1062.161794,1066.621816,1059.451841,1059.591768,2394400,529.266617
DOLE,cjt,2013-11-27,1062.031792,1068.00185,1060.001869,1063.111877,2255500,531.024914
DOLE,cjt,2013-11-26,1048.601858,1061.501858,1042.941796,1058.411823,4589600,528.677234
DOLE,Cli,2013-11-25,1037.161779,1053.191759,1035.021826,1045.931848,3238000,522.443481
DOLE,Cli,2013-11-22,1033.421732,1036.171752,1029.221715,1031.891724,2517700,515.430432
DOLE,Cli,2013-11-21,1027.001751,1038.311828,1026.001738,1034.071744,2191700,516.519352
DOLE,Cli,2013-11-20,1029.951737,1033.361816,1020.361771,1022.311744,1934500,510.645227
DOLE,Cmp,2013-11-19,1031.721778,1034.751774,1023.051753,1025.201753,2271600,512.088788
DOLE,Cmp,2013-11-18,1035.751726,1048.741785,1029.241809,1031.551709,3532500,515.260594
NYSE,Cmp,2013-11-15,1034.871729,1038.001831,1030.311725,1033.561782,2562100,516.264626
NYSE,Cmp,2013-11-14,1033.921769,1039.751777,1030.351791,1035.231717,2342100,517.09876
NYSE,Cmp,2013-11-13,1006.751721,1032.851732,1006.501702,1032.471772,3170500,515.720166
NYSE,Cmp,2013-11-12,1007.701742,1017.56176,1005.001713,1011.781743,2445200,505.385486
NYSE,Cmp,2013-11-11,1009.511727,1015.931769,1008.001752,1010.59175,2233500,504.791084
NYSE,Cmp,2013-11-08,1008.751746,1018.501734,1008.501728,1016.031752,2591100,507.508367
NYSE,Cmp,2013-11-07,1022.611754,1023.931749,1007.641703,1007.951699,3371700,503.472377
NYSE,Cmp,2013-11-06,1025.601746,1027.001751,1015.371754,1022.751743,1832600,510.865006
NYSE,Cmp,2013-11-05,1020.351724,1031.651814,1017.421771,1021.521745,2371500,510.250622
CATO,Cmp,2013-11-04,1031.501717,1032.371789,1022.031768,1026.111769,2286000,512.543341
CATO,Cmp,2013-11-01,1031.791741,1036.001806,1025.10177,1027.041757,2576100,513.00787
CATO,Cmp,2013-10-31,1028.931813,1041.521818,1023.971755,1030.581776,3292200,514.776112
CATO,Cmp,2013-10-30,1037.431831,1037.511719,1026.001738,1030.421755,2658000,514.696181
CATO,Cmp,2013-10-29,1019.101754,1036.941719,1013.501731,1036.241716,3222000,517.603255
CATO,Cmp,2013-10-28,1015.201747,1023.431773,1012.991708,1015.001719,2326000,506.993866
CATO,Cmp,2013-10-25,1028.821783,1028.821783,1010.741725,1015.201747,4076100,507.09378
CATO,Cmp,2013-10-24,1031.871752,1040.571735,1024.80176,1025.551754,4199700,512.263613
CATO,Cmp,2013-10-23,1001.001723,1034.751774,1000.631688,1031.411782,5346300,515.1907
CATO,Cmp,2013-10-22,1005.001713,1013.001755,995.791707,1007.001739,4433700,502.997872
CATO,Cmp,2013-10-21,1011.461761,1019.001771,999.551726,1003.301698,7283700,501.149699
CATO,Cli,2013-10-18,976.581695,1015.461751,974.001682,1011.411708,23219400,505.200653
CATO,Cli,2013-10-17,892.991512,896.901567,885.73154,888.791495,8545000,443.951796
CATO,Cli,2013-10-16,885.871529,898.331531,884.011491,898.031521,4030200,448.567193
CATO,Cli,2013-10-15,875.761492,885.631496,874.001499,882.011527,3195600,440.565198
CATO,Cli,2013-10-14,866.661516,876.251482,865.391513,876.111494,2496400,437.618129
CATO,Cli,2013-10-11,866.031477,873.48149,865.301455,871.991487,2828300,435.560183
CATO,Cli,2013-10-10,863.841471,868.831488,860.211455,868.241516,4527400,433.687071
CATO,Cli,2013-10-09,856.281489,862.651479,842.981435,855.861463,5322400,427.503228
CATO,Cli,2013-10-08,865.321488,865.981485,851.631488,853.671458,3901800,426.409319
CATO,Cli,2013-10-07,867.451516,873.991513,864.111462,865.741514,2596800,432.438319
CATO,Cli,2013-10-04,875.001512,877.511499,870.001509,872.351475,2726100,435.739997
CATO,Cyt,2013-10-03,888.001495,894.101555,872.101517,876.091522,4249800,437.608153
DOLE,Cyt,2013-10-02,882.731502,889.361496,877.821495,887.991509,3001700,443.552202
DOLE,Cyt,2013-10-01,880.251533,887.671527,880.051506,887.001544,3382100,443.057714
DOLE,Cyt,2013-09-30,869.081507,880.841506,868.311479,875.911528,3457600,437.518246
DOLE,Cyt,2013-09-27,874.821518,877.521485,871.311518,876.391532,2527000,437.758008
DOLE,Cyt,2013-09-26,878.301499,882.751535,875.001512,878.171497,2529200,438.647101
DOLE,Cyt,2013-09-25,886.551498,886.551498,875.601532,877.231523,3310200,438.177584
DOLE,Cyt,2013-09-24,886.501507,890.101504,881.401521,886.841522,2984600,442.977783
DEXO,Cyt,2013-09-23,896.151511,901.591574,885.201545,886.501507,3568000,442.807945
DEXO,Cyt,2013-09-20,898.391569,904.131581,895.621516,903.111535,8723000,451.104663
DEXO,Cyt,2013-09-19,905.991557,905.991557,895.401517,898.391569,3207600,448.747038
DEXO,Cyt,2013-09-18,886.351532,903.971559,883.071517,903.321548,3883800,451.209564